Fuel type,CeqLHV
HFO,1
LNG,0.889583333
NH3,2.082926829
H2,0.355833333
