Fuel type,CeqLHV
HFO,1
LNG,0.841666667
NH3,1.970731707
H2,0.336666667
