,sale,g,gTilde,costTilde,saleTilde,cta,overDi,costShipBasicHFO,costShip,costFuel,costAdd,costAll,maxCta,rocc,costRfrb,dcostCnt,dcostEco,nTransCnt
2021.0,3099358080.0,1711549.082476316,0.00016566808722627327,0.08160414782082025,0.3,10331193600.0,81057051869.15427,0.0,0.0,229790249.69991204,0.0,843068249.6999121,11479104000.0,0.9,613278000.0,0.0,843068249.6999121,2066238.72
