,sale,g,gTilde,costTilde,saleTilde,cta,overDi,costShipBasicHFO,costShip,costFuel,costAdd,costAll,maxCta,rocc,costRfrb,dcostCnt,dcostEco,nTransCnt
2021.0,27416473640.74628,15398809.1474789,0.0001684987940016462,0.0825658313309029,0.3,91388245469.15427,0.0,0.0,0.0,2067423773.0333412,0.0,7545546461.033341,103116791232.0,0.8862595933919437,5478122688.0,0.0,7545546461.033341,18277649.093830854
