,sale,g,gTilde,costTilde,saleTilde,cta,overDi,costShipBasicHFO,costShip,costFuel,costAdd,costAll,maxCta,rocc,costRfrb,dcostCnt,dcostEco,nTransCnt
2021.0,26418337920.0,14228053.103926437,0.00016157019204249512,0.08297999631240865,0.3,88061126400.0,3327119069.1542664,0.0,0.0,1910233943.9385533,0.0,7307311943.938553,97845696000.0,0.9,5397078000.0,0.0,7307311943.938553,17612225.28
