,sale,g,gTilde,costTilde,saleTilde,cta,overDi,costShipBasicHFO,costShip,costFuel,costAdd,costAll,maxCta,rocc,costRfrb,dcostCnt,dcostEco,nTransCnt
2021.0,27416473640.74628,14886088.865101956,0.00016288844138195397,0.08696654104685779,0.3,91388245469.15427,0.0,0.0,0.0,1998575600.7935205,0.0,7947719600.79352,106633728000.0,0.857029451968089,5949144000.0,0.0,7947719600.79352,18277649.093830854
